question_id,question_string,sparql_query,subset,predicted_comparison_label
HQ0040,Which countries are considered in the papers about geopolitics?,"SELECT DISTINCT ?location
WHERE {
  ?_ orkgp:compareContribution [
    orkgp:P32 [
      rdfs:label ?label
    ];
    orkgp:P5049 ?location
  ]
  FILTER(REGEX(STR(?label), ""geopoli?tics""))
}",train,"['Geography Tourism Spatial Analysis', 'Overview of countries with a middle income trap', 'Smart city governance research categories analysis by references articles']"
HQ0013,What was the most common type of approach for summarization before 2002?,"SELECT ?approach ?approach_label
WHERE {
  orkgr:R6948 orkgp:compareContribution ?cont.
  ?cont orkgp:P15 ?implementation.
  ?implementation orkgp:P5043 ?approach.
  ?approach rdfs:label ?approach_label.
}
ORDER BY DESC(COUNT(?approach_label))
LIMIT 1",train,"['Summarization before 2002', 'Recent summarization efforts', 'Comparison of Meeting Summarization Research']"
HQ0061,Which vegetables are utilized for betanin extraction?,"SELECT ?vegetables, ?vegetables_labels
WHERE {
  orkgr:R75363 orkgp:compareContribution ?contrib.
  ?contrib orkgp:P35147 ?compounds.
  ?compounds rdfs:label ?compounds_labels.
  FILTER(REGEX(?compounds_labels, ""etanin""))
  ?contrib orkgp:P35148 ?vegetables.
  ?vegetables rdfs:label ?vegetables_labels.
}",train,"['Overview of Applications of chitosan.', 'Food component comparison', 'Pulsed electric field (PEF) treatment for bioactive compounds extraction']"
HQ0086,What are the research problems Vernier Effect is related to?,"SELECT DISTINCT ?problems, ?problems_labels
WHERE {
  ?papers rdf:type orkgc:Paper.
  ?papers rdfs:label ?papers_labels.
  FILTER(REGEX(?papers_labels, ""Vernier Effect"", ""i""))
  ?papers orkgp:P31 ?contrib.
  ?contrib orkgp:P32 ?problems.
  ?problems rdfs:label ?problems_labels.
}",train,"['Comparison of Fiber Optic Temperature Sensors Based on Vernier Effect', 'Comparison of fiber-optic strain sensors based on Vernier effect', 'Comparison of Research Practices used in RE in 2021']"
HQ0049,What is the average energy generation of all energy sources considered?,"SELECT (AVG(?elec_gen_value) AS ?average_elec_gen_value)
WHERE {
  orkgr:R153801 orkgp:compareContribution ?contrib.
  ?contrib orkgp:P43135 ?energy_sources.
  ?energy_sources rdfs:label ?energy_sources_labels;
                  orkgp:P43134 ?electricity_generation.
  FILTER(REGEX(?energy_sources_labels, ""all sources""))
  ?electricity_generation orkgp:HAS_VALUE ?value.
  BIND(xsd:float(?value) AS ?elec_gen_value)
}",train,"['Summary of empirical studies on energy consumption-growth nexus.', ""Comparison of Studies on Germany's Energy Supply in 2050"", 'Summary of empirical studies on electricity-growth nexus.']"
HQ0002,"What is the scope of ""Decentralised Authoring, Annotations and Notifications for a Read-Write Web with Dokieli""?","SELECT ?scope 
WHERE {
  orkgr:R8364 orkgp:compareContribution ?cont.
  ?paper orkgp:P31 ?cont;
         rdfs:label ?title.
  ?cont orkgp:P7046 ?sys.
  ?sys orkgp:P7047 ?scope.
  FILTER(REGEX(STR(?title), ""Decentralised Authoring, Annotations and Notifications for a Read-Write Web with dokieli""))
}",train,"['Ontology for Smart Contracts', 'Comparison of different scholarly communication infrastructures', 'Comparison of different scholarly communication infrastructures']"
HQ0072,What is the most common drug in the studies?,"SELECT ?drug, ?drug_labels
WHERE {
  orkgr:R155621 orkgp:compareContribution ?contrib.
  ?contrib orkgp:P37578 ?drug.
  ?drug rdfs:label ?drug_labels.
}
ORDER BY DESC(COUNT(?drug))
LIMIT 1",train,"['Chemical Enties and Clinical Drug Reactions NER and Relation Extraction', 'Use of Zinc salts and compounds approved by the FDA for over- the-counter human use', 'Overview of lateral flow (immuno)assays: detection of toxic compounds']"
HQ0093,What are the research problems of the cultural history field?,"SELECT DISTINCT ?research_problems, ?research_problems_labels
WHERE {
  ?papers rdf:type orkgc:Paper.
  ?papers orkgp:P30 ?research_fields.
  ?research_fields rdfs:label ?research_fields_labels. 
  FILTER(REGEX(?research_fields_labels, ""cultural history"", ""i""))
  ?papers orkgp:P31 ?contrib.
  ?contrib orkgp:P32 ?research_problems.
  ?research_problems rdfs:label ?research_problems_labels.
}",train,"['Contested Heritage in Digital Form', 'Smart cities and cultural heritage ', 'How existing firm-level studies cope with methodological challenges']"
HQ0094,Who are the co-authors of Kurt Thomas?,"SELECT ?co_authors
WHERE {
  ?papers rdf:type orkgc:Paper.
  ?papers orkgp:P27 ?authors.
  FILTER(REGEX(?authors, ""Kurt Thomas""))
  ?papers orkgp:P27 ?co_authors.
  FILTER(?co_authors != ""Kurt Thomas""^^xsd:string)
}",train,"['Graph-based author name disambiguation', 'Unsupervised author name disambiguation', 'Supervised author name disambiguation']"
HQ0025,Which scholarly knowledge graphs support RDF?,"SELECT ?title
WHERE {
  orkgr:R78023 orkgp:compareContribution ?cont.
  ?cont orkgp:P7009 ?has_rdf.
  FILTER(REGEX(?has_rdf, ""T""))
  ?cont rdfs:label ?title
}",train,"['Comparison of Domain-specific Scholarly Knowledge Graphs', 'Comparison of Domain-specific Scholarly Knowledge Graphs', 'Comparison of scholarly knowledge graphs']"
HQ0029,How many studies are published after 2019?,"SELECT (COUNT(?date) AS ?number_of_studies)
WHERE {
  orkgr:R110393 orkgp:compareContribution ?contrib.
  ?contrib orkgp:P9040 ?date.
  filter(?date > ""2019""^^xsd:string)
}",train,"['Comparison of Research Practices used in RE in 2021', 'Number of papers by year', 'Pilot mini collection of studies on libraries as third places.']"
HQ0014,"What are the metrics used by paper ""Using NMF-based text summarization to improve supervised and unsupervised classification?","SELECT ?metrics, ?metrics_labels
WHERE {
  ?papers rdfs:label ?title.
  FILTER(REGEX(?title, ""NMF-based text summarization""))
  ?papers orkgp:P31 ?cont.
  ?cont orkgp:P34 ?eval.
  ?eval orkgp:P2006 ?metrics.
  ?metrics rdfs:label ?metrics_labels.
}",train,"['Recent summarization efforts', 'Summarization before 2002', 'Aggregate summary of assorted literature reviews']"
HQ0059,Which are five the most common research fields for papers?,"SELECT ?research_field, ?research_field_labels
WHERE {
  ?papers orkgp:P30 ?research_field.
  ?research_field rdfs:label ?research_field_labels.
}
ORDER BY DESC(COUNT(?research_field_labels))
LIMIT 5",train,"['Characteristics of central papers with finite time horizon.', 'Characteristics of central papers with instant time horizon.', 'Comparison of scholarly infrastructures']"
HQ0044,What is the total number of species examined in the studies?,"SELECT (SUM(?number) AS ?total)
WHERE {
  orkgr:R58002 orkgp:compareContribution ?contrib.
  ?contrib orkgp:P31024 ?number_of_species.
  BIND(xsd:integer(?number_of_species) AS ?number)
}",train,"['COVID-19 Reproductive Number Estimates', 'Reproductive number estimates 2019-nCoV', 'Reproductive number estimates 2019-nCoV']"
HQ0036,What is the full name of the EXPO ontology?,"SELECT ?full_name
WHERE {
  orkgr:R8342 orkgp:compareContribution ?cont.
  ?cont orkgp:P7034 ?ontology.
  ?ontology rdfs:label ?ont_lbl;
            orkgp:P7035 ?full_name. 
  FILTER(REGEX(STR(?ont_lbl), ""expo"", ""i""))
}",train,"['Ontologies for describing scholarly articles', 'Ontology for Smart Contracts', 'Linked Data Publishing using Scholarly Ontologies']"
HQ0073,Do all studies include open ocean sampling?,"ASK {
  {
    SELECT (COUNT(?ocean_sampling) AS ?counter)
    WHERE {
      orkgr:R155561 orkgp:compareContribution ?contrib.
      ?contrib orkgp:P41379 ?ocean_sampling.
      FILTER(?ocean_sampling = ""F""^^xsd:string)
    }
  }
  FILTER(?counter = 0)
}",train,"['Picophytoplankton abundance estimation of the Ocean', 'N2O gas emission assessment of the ocean basins', 'Primary production assessment of the Atlantic Ocean for 1991 to 2018']"
HQ0004,Who is responsible for acquisition in the RASH system?,"SELECT ?acq
WHERE {
  orkgr:R8364 orkgp:compareContribution ?cont.
  ?cont orkgp:P7046 orkgr:R8350.
  orkgr:R8350 orkgp:P7049 ?acq.
}",train,"['Which animals are naturally infected with SARS-CoV-2?', 'Chemical Enties and Clinical Drug Reactions NER and Relation Extraction', 'SARS-CoV-2 BioAssays']"
HQ0010,What metric will be used to evaluate question answering systems?,"SELECT DISTINCT ?name
WHERE {
  [
    orkgp:P34 [
      rdfs:label ?name 
    ]
  ].
  FILTER(STRLEN(?name) > 0)
}
ORDER BY ?name",train,"['Question answering systems', 'Question Answering benchmarks', 'Baseline methods for Human or Automatic evaluation of Food Knowledge Base Question Answering systems and Food recommendation systems ']"
HQ0015,What is the maximum sample size?,"SELECT ?sample_size
WHERE {
  orkgr:R135371 orkgp:compareContribution ?cont.
  ?cont orkgp:P15687 ?sample_size
}
ORDER BY DESC(?sample_size)
LIMIT 1",train,"['Genetic variability (COI variation) in studies large sampled (>1000 sequences)', 'Statistics from 156 recipe requests from Reddit', 'Covid-19 Case Fatality Rate Estimates']"
HQ0030,Which toxins do pseudomonas species produce?,"SELECT DISTINCT ?toxins, ?toxins_labels
WHERE {
  orkgr:R69027 orkgp:compareContribution ?contrib.
  ?contrib orkgp:P34037 ?toxins.
  ?toxins rdfs:label ?toxins_labels.
}",train,"['Toxins produced by phytopathogenic Pseudomonas species and pathovars', 'Microbial toxins', 'Distribution of lysine catabolic pathways in some fluorescent Pseudomonas species and Burkholderia cepacia']"
HQ0035,Which scenario factsheets from the Open Energy Platform are used in studies with public funding?,"SELECT ?paper
WHERE {
  orkgr:R113171 orkgp:compareContribution ?cont.
  ?paper orkgp:P31 ?cont.
  ?cont orkgp:P37586 ?hasFacts.
  ?hasFacts orkgp:P37675 ?study.
  ?study orkgp:P37663 ?sourceOfFunding.
  FILTER(REGEX(?sourceOfFunding, ""public""))
}",train,"['Comparison of Scenario Factsheets from the Open Energy Platform', 'Comparison of Scenario Factsheets from the Open Energy Platform', 'Comparison of Scenario Factsheets from the Open Energy Platform']"
HQ0054,What is the minimum and maximum installed capacity for each energy source considered?,"SELECT ?energy_sources_labels (MIN(?installed_cap_value) AS ?min_installed_cap_value) (MAX(?installed_cap_value) AS ?max_installed_cap_value)
WHERE {
  orkgr:R153801 orkgp:compareContribution ?contrib.
  ?contrib orkgp:P43135 ?energy_sources.
  ?energy_sources rdfs:label ?energy_sources_labels;
                  orkgp:P43133 ?installed_capacity.
  ?installed_capacity orkgp:HAS_VALUE ?value.
  BIND(xsd:float(?value) AS ?installed_cap_value)
}",train,"['Techno-economic analyses of microgrid and hybrid energy systems', ""Comparison of Studies on Germany's Energy Supply in 2050"", 'Summary of empirical studies on energy consumption-growth nexus.']"
HQ0056,What is the average installed capacity for each energy source considered in 5 year intervals?,"SELECT ?rangeId ?energy_sources_labels (AVG(?installed_cap_value AS ?avg_installed_cap_value))
WHERE {
  orkgr:R153801 orkgp:compareContribution ?contrib.
  ?paper orkgp:P31 ?contrib;
         orkgp:P29 ?year.
  BIND(xsd:int(?year) AS ?y).
  VALUES(?rangeId ?min ?max) {
    (""2001-2005"" 2001 2005)
    (""2006-2010"" 2006 2010)
    (""2011-2015"" 2011 2015)
    (""2016-2020"" 2016 2020)
  }
  FILTER(?min <= ?y && ?y <= ?max).
  ?contrib orkgp:P43135 ?energy_sources.
  ?energy_sources rdfs:label ?energy_sources_labels;
                  orkgp:P43133 ?installed_capacity.
  ?installed_capacity orkgp:HAS_VALUE ?value.
  BIND(xsd:float(?value) AS ?installed_cap_value).
}
ORDER BY ASC(?rangeId)",train,"['Summary of empirical studies on energy consumption-growth nexus.', 'Summary of empirical studies on electricity-growth nexus.', ""Comparison of Studies on Germany's Energy Supply in 2050""]"
HQ0042,Who is the author of the most recent paper about insects?,"SELECT ?author_name
WHERE {
  {
    SELECT ?publication_date_ AS ?date_of_the_latest_paper {
      ?paper_ a orkgc:Paper;
              rdfs:label ?title_;
              orkgp:P28 ?publication_month_;
              orkgp:P29 ?publication_year_.
      OPTIONAL {
        ?publication_month_ rdfs:label ?publication_month_label_
      }
      OPTIONAL {
        ?publication_year_ rdfs:label ?publication_year_label_
      }
      BIND(
        xsd:integer(
          IF(
            BOUND(?publication_month_label_),
            ?publication_month_label_,
            ?publication_month_
          )
        ) AS ?publication_month_as_number_
      )
      BIND(
        xsd:integer(
          IF(
            BOUND(?publication_year_label_),
            ?publication_year_label_,
            ?publication_year_
          )
        ) AS ?publication_year_as_number_
      )
      BIND(
        xsd:dateTime(
          CONCAT(
            ?publication_year_as_number_,
            ""-"",
            ?publication_month_as_number_,
            ""-01T00:00:00.000-00:00""
          )
        )
        AS ?publication_date_
      )
      FILTER(
        ?publication_month_as_number_ > 0 && ?publication_month_as_number_ < 13 && ?publication_year_as_number_ > 0 && ?publication_year_as_number_ < 2023
      )
      FILTER(REGEX(STR(?title_), ""insect""))
    }
    ORDER BY DESC(?publication_date_)
    LIMIT 1
  }
  ?paper a orkgc:Paper;
           rdfs:label ?title;
           orkgp:P27 ?author;
           orkgp:P28 ?publication_month;
           orkgp:P29 ?publication_year.
  OPTIONAL {
     ?publication_month rdfs:label ?publication_month_label
  }
  OPTIONAL {
    ?publication_year rdfs:label ?publication_year_label
  }
  OPTIONAL {
    ?author rdfs:label ?author_label
  }
  BIND(
    IF(
      BOUND(?author_label),
      ?author_label,
      ?author
    ) AS ?author_name
  )
  BIND(
    xsd:integer(
      IF(
        BOUND(?publication_month_label),
        ?publication_month_label,
        ?publication_month
      )
    ) AS ?publication_month_as_number
  )
  BIND(
    xsd:integer(
      IF(
        BOUND(?publication_year_label),
        ?publication_year_label,
        ?publication_year
      )
    ) AS ?publication_year_as_number
  )
  BIND(
    xsd:dateTime(
      CONCAT(
        ?publication_year_as_number,
        ""-"",
        ?publication_month_as_number,
        ""-01T00:00:00.000-00:00""
      )
    )
    AS ?publication_date
  )
  FILTER(
    ?publication_month_as_number > 0 && ?publication_month_as_number < 13 && ?publication_year_as_number > 0 && ?publication_year_as_number < 2023
  )
  FILTER(
    REGEX(
      STR(?title),
      ""insect""
    ) && ?publication_date = ?date_of_the_latest_paper
  )
}",train,"['Moths species inventories with DNA based-tools', 'Genetic distance between nearest neighbor species from Diptera and Lepidoptera studies, using COI gene.', 'Biodiversity inventories of Lepidoptera with DNA based-tools']"
HQ0019,"Does ""PRISMA hyperspectral mission"" use ENVI software?","SELECT ?uses_ENVI
WHERE {
  ?papers rdfs:label ?titles.
  FILTER(REGEX(?titles, ""PRISMA""))
  ?papers orkgp:P31 ?cont.
  ?cont orkgp:P23031 ?software.
  ?software rdfs:label ?software_labels.
  BIND(
    IF(?software_labels = ""ENVI""^^<http://www.w3.org/2001/XMLSchema#string>, ""Yes"", ""No"") 
    AS ?uses_ENVI
  )
}
ORDER BY DESC(?uses_ENVI)
LIMIT 1",train,"['A generalized and global review of Hyperion hyperspectral imagery for geological applications', 'A review for geological applications of Hyperspectral remote sensing', 'A review of Airborne visible/infrared imaging spectrometer- Next Generation (AVIRIS-NG) hyperspectral images for the identification and characterization of minerals']"
HQ0087,When the earliest paper related to X-rays was published?,"SELECT ?publication_years
WHERE {
  ?papers rdf:type orkgc:Paper.
  ?papers rdfs:label ?papers_labels.
  FILTER(REGEX(?papers_labels, ""X-ray"", ""i""))
  ?papers orkgp:P29 ?publication_years. 
}
ORDER BY ASC(?publication_years)
LIMIT 1",train,"['Evolution of the interpretation of the  X-ray spectrum originated from highly charged ions (HCI) produced in laboratory experiments, and space observations of cosmic  X-ray sources. ', 'X-ray observations from cosmic objects 3: the sun', 'The development of a laboratory X-ray laser']"
HQ0041,What can one use instead of wheat flour?,"SELECT DISTINCT ?flour
WHERE {
  ?_ orkgp:P37571 ?flour.
}",train,"['Optimal composition of non wheat flours in composite bread', 'How Do Legume Intercrops Affect Cereal Grain Yield in European Agroecosystems?', 'Effect of Legume Rotations on Cereal Crop Yields in Europe ']"
HQ0034,How many studies do use Chloride as major anion?,"SELECT COUNT(?anions_labels) AS ?chloride_count
WHERE {
  orkgr:R110597 orkgp:compareContribution ?contrib.
  ?contrib orkgp:P37458 ?anions.
  ?anions rdfs:label ?anions_labels.
  FILTER(REGEX(?anions_labels, ""Chloride""^^xsd:string))
}",train,"['Literature survey results for comparison of chemical and enzymatic methods suitable to discriminate between C and mC', 'Sources of major ion evolution in groundwater chemistry of developing urban areas   ', 'Use of Zinc salts and compounds approved by the FDA for over- the-counter human use']"
HQ0033,What risk factors for OSA are discovered in the paper with 100% OSA frequency?,"SELECT ?risk_factors, ?risk_factors_labels
WHERE {
  orkgr:R110932 orkgp:compareContribution ?contrib.
  ?contrib orkgp:P37530 ?osa_frequency.
  ?osa_frequency rdfs:label ?osa_frequency_values.
  ?contrib orkgp:P37528 ?risk_factors.
  ?risk_factors rdfs:label ?risk_factors_labels.
  FILTER(REGEX(?osa_frequency_values, ""100""^^xsd:string))
}",train,"['Factors affecting software project risks', 'Factors by which publication costs differed relative to the United States in ""Scrutinising what Open Access Journals Mean for Global Inequalities""', 'Characteristics of central papers with instant time horizon.']"
HQ0060,What are economics subfields?,"SELECT DISTINCT ?subfields, ?subfields_labels
WHERE {
  ?papers orkgp:P30 ?research_fields.
  ?research_fields rdfs:label ""Economics""^^xsd:string.
  ?research_fields orkgp:P36 ?subfields.
  ?subfields rdfs:label ?subfields_labels. 
}",train,"['Economic sustianability sub index in a regional context', 'Relative definition approaches for Middle-Income Trap', 'Absolute definition approaches for Middle-Income Trap']"
HQ0048,What is the maximum female percentage?,"SELECT ?female_percantage
WHERE {
  orkgr:R44978 orkgp:compareContribution ?contrib.
  ?contrib orkgp:P23154 ?female_percantage.
}
ORDER BY DESC(?female_percantage)
LIMIT 1",train,"['Reproductive number estimates 2019-nCoV', 'Reproductive number estimates 2019-nCoV', 'Comparison of the published reproductive number estimates for 2019-nCoV']"
HQ0020,Which ontology has the most classes?,"SELECT ?ont ?ont_label
WHERE {
  orkgr:R8342 orkgp:compareContribution ?cont.
  ?cont orkgp:P7034 ?ont.
  ?ont orkgp:P7038 ?cls_cnt;
       rdfs:label ?ont_label.
}
ORDER BY DESC(MAX(xsd:int(?cls_cnt)))
LIMIT 1",train,"['Ontology Learning Sources', 'Comparison of Ontology Learning Tools', 'A comparison on Ontology Learning algorithms']"
HQ0062,What are the objectives for Sepsis prediction?,"SELECT DISTINCT ?objectives
WHERE {
  orkgr:R70642 orkgp:compareContribution ?contrib.
  ?contrib orkgp:P15051 ?objectives.
}",train,"['Survey of most suitable computational intelligence technique for prediction of Sepsis using physiological data as features', 'Survey of most suitable computational intelligence technique for prediction of Sepsis using physiological data as features', ' Survey of most suitable computational intelligence technique for prediction of CDI (Clostridium difficile infection) using physiological data as features']"
HQ0024,"What is the research problem addressed by paper ""LIMSI participant at QADL-5@CLEF""?","SELECT ?problem ?problem_lbl
WHERE {
  ?paper orkgp:P31 ?cont;
         rdfs:label ?paper_title.
  ?cont orkgp:P32 ?problem.
  ?problem rdfs:label ?problem_lbl.
  FILTER(REGEX(STR(?paper_title), ""LIMSI participation at QALD-5@CLEF"", ""i""))
}",train,"['QA evaluations on QALD-5', 'QA evaluations on QALD-6', 'Purposes and future works of the SemTab challenges']"
HQ0005,"What research problem is addressed in the paper titled ""6th Open Challenge on Question Answering over Linked Data (QALD-6)""?
","SELECT DISTINCT ?concept ?rlabel 
WHERE {
  orkgr:R6386 orkgp:P31 ?x .
  ?x orkgp:P32 ?concept.
  ?concept rdfs:label ?rlabel.
}
LIMIT 1",train,"['Question Answering over linked data benchmark comparison', 'Question Answering benchmarks', 'Data statistics of the personalized Knowledge Base/Graph Question Answering benchmark']"
HQ0051,What is the average energy generation for each energy source considered?,"SELECT ?energy_sources_labels (AVG(?elec_gen_value) AS ?average_elec_gen_value)
WHERE {
  orkgr:R153801 orkgp:compareContribution ?contrib.
  ?contrib orkgp:P43135 ?energy_sources.
  ?energy_sources rdfs:label ?energy_sources_labels;
                  orkgp:P43134 ?elec_gen.
  ?elec_gen orkgp:HAS_VALUE ?value.
  BIND(xsd:float(?value) AS ?elec_gen_value)
}",train,"['Summary of empirical studies on energy consumption-growth nexus.', ""Comparison of Studies on Germany's Energy Supply in 2050"", 'Techno-economic analyses of microgrid and hybrid energy systems']"
HQ0075,What is the average efficency for experiments?,"SELECT AVG(?efficency_values)
WHERE {
  orkgr:R155266 orkgp:compareContribution ?contrib.
  ?contrib orkgp:P43156 ?efficency.
  ?efficency rdfs:label ?efficency_labels.
  BIND(xsd:float(?efficency_labels) AS ?efficency_values)
}",train,"['Biomass costs in different studies.', 'Coal costs in different studies.', 'Statistics from 156 recipe requests from Reddit']"
HQ0082,What is another name for Bisphenol A?,"SELECT ?same_name_label
WHERE {
  ?resources rdfs:label ?resources_labels.
  FILTER(REGEX(?resources_labels, ""Bisphenol A"", ""i""))
  ?resources orkgp:SAME_AS ?same_name.
  ?same_name rdfs:label ?same_name_label.
}",train,"['Chemical Enties and Clinical Drug Reactions NER and Relation Extraction', 'Examples of identified chitosanases.', 'Biomedical Named Entity Recognition']"
HQ0012,"Does ""ZoomRDF"" uses filters?","SELECT ?uses_filter
WHERE {
  ?paper orkgp:P5025 ?filter;
         rdfs:label ?title.
  FILTER(REGEX(?title, ""ZoomRDF""))
  BIND(
    IF(?filter = ""T""^^xsd:string, ""Yes"", ""No"")
    AS ?uses_filter
  )
}",train,"['Summary of stereo vision disparity map algorithms implemented on different computational platforms', 'Comparison of Fiber Optic Temperature Sensors Based on Vernier Effect', 'Mapping cropland extent ']"
HQ0028,Which indicators for well-being are used in the studies on the effect of COVID-19?,"SELECT DISTINCT ?indicators, ?indicators_labels
WHERE {
  orkgr:R78492 orkgp:compareContribution ?contrib.
  ?contrib orkgp:P36089 ?indicators.
  ?indicators rdfs:label ?indicators_labels.
}",train,"['The effect of the COVID-19 pandemic on well-being', 'The effect of the COVID-19 pandemic on well-being', 'The effect of the COVID-19 pandemic on well-being']"
HQ0083,What is the amount of questions for LC-QuAD 2.0 dataset?,"SELECT ?number_of_questions
WHERE {
  orkgr:R154290 orkgp:P31 ?contrib.
  ?contrib orkgp:P41923 ?number_of_questions.
}",train,"['Comparison of SemTab 2022 datasets', 'Comparison of the tabular datasets used during the SemTab 2022', 'Tabular Datasets used during the SemTab 2020']"
HQ0065,What is the maximum egg mass in studies?,"SELECT MAX(?egg_masses_float)
WHERE {
  orkgr:R34845 orkgp:compareContribution ?contrib.
  ?contrib orkgp:P15692 ?egg_masses.
  BIND(xsd:float(?egg_masses) AS ?egg_masses_float)
}",train,"['Reproductive number estimates 2019-nCoV', 'Reproductive number estimates 2019-nCoV', 'Comparison of the published reproductive number estimates for 2019-nCoV']"
HQ0074,For what product minimum conversion was obtained?,"SELECT ?product, ?product_label
WHERE {
  orkgr:R155272 orkgp:compareContribution ?contrib.
  ?contrib orkgp:P43149 ?product;
           orkgp:P43148 ?conversion.
  ?product rdfs:label ?product_label.
  ?conversion rdfs:label ?conversion_label.
}
ORDER BY ASC(xsd:float(?conversion_label))
LIMIT 1",train,"['Comparison of cobinamid synthesis methods', 'Investment and production costs of synthetic fuels', 'Biomass costs in different studies.']"
HQ0067,In which papers are energy system scenarios used that consider the 2050 time frame?,"SELECT ?paper
WHERE {
  {
    orkgr:R150337 orkgp:compareContribution ?contrib.
  } UNION {
    orkgr:R153801 orkgp:compareContribution ?contrib.
  }
  ?paper orkgp:P31 ?contrib.
  {
     ?contrib orkgp:P37586 ?scenarios.
     ?scenarios orkgp:P37675 ?studies.
     ?studies orkgp:P35205 ?timeframes.
  } UNION {
     ?contrib orkgp:P37581 ?scenario.
     ?scenario orkgp:P43138 ?goal.
     ?goal orkgp:P43139 ?timeframes.
  }
  FILTER(xsd:int(?timeframes) = 2050)
}",train,"[""Comparison of Studies on Germany's Energy Supply in 2050"", 'Comparison of Scenario Factsheets from the Open Energy Platform', 'Comparison of Scenario Factsheets from the Open Energy Platform']"
HQ0018,Which methods are used?,"SELECT DISTINCT ?methods, ?methods_labels
WHERE {
  orkgr:R110361 orkgp:compareContribution ?cont.
  ?cont orkgp:HAS_METHOD ?methods.
  ?methods rdfs:label ?methods_labels.
}",train,"['Analysis of approaches based on required elements in way of modeling', 'Analysis of approaches based on required elements in way of modeling', 'Solution methods for disaster management']"
HQ0089,Does FEEM Sustainability Index consider air quality?,"ASK {
  ?papers rdf:type orkgc:Paper.
  ?papers rdfs:label ?papers_labels.
  FILTER(REGEX(?papers_labels, ""FEEM Sustainability Index""))
  ?papers orkgp:P31 ?contrib.
  ?contrib ?properties ?properties_values.
  ?properties rdfs:label ?properties_labels.
  FILTER(REGEX(?properties_labels, ""air quality"", ""i""))
  FILTER(?properties_values = ""yes"")
}",train,"[""Analysis of natural environment indicators in Smart Cities' standards."", 'Sustainability inventory management', 'Summary of studies investigating the importance of environmental conditions on overall satisfaction with IEQ.']"
HQ0079,Which energy system modeling papers indicate where to find their simulation software and whether there are associated simulation scenarios mentioned in ORKG?,"SELECT ?repo ?scenario ?simulation_parameters
WHERE {
  ?paper orkgp:P31 ?contrib.
  ?contrib orkgp:P37586 ?model.
  ?model orkgp:P39010 ?code.
  ?code orkgp:P4077 ?repo.
  OPTIONAL {
    ?model orkgp:P43146 ?scenario.
    {
      SELECT ?scenario ?simulation_parameters
      WHERE {
        ?scenario orkgp:P31 ?contrib2.
        ?contrib2 orkgp:P37586 ?model2.
        ?model2 orkgp:P37583 ?data.
        ?data orkgp:HAS_DATASET ?dataset.
        ?dataset orkgp:P37343 ?type;
                 orkgp:P4059 ?simulation_parameters.
        ?type rdfs:label ?label.
        FILTER(REGEX(?label, ""Technical""))
      }
    }
  }
}",train,"['Comparison of Scenario Factsheets from the Open Energy Platform', 'Comparison of Scenario Factsheets from the Open Energy Platform', 'Comparison of Scenario Factsheets from the Open Energy Platform']"
HQ0092,Does ViCoMap support aggregation?,"SELECT ?has_aggregation_support
WHERE {
  ?application rdfs:label ""ViCoMap""^^xsd:string;
               orkgp:P5038 ?has_aggregation_support_.
  BIND(
    IF(?has_aggregation_support_ = ""T""^^xsd:string, ""yes"", ""no"")
    AS ?has_aggregation_support
  )
}",train,"['Aggregate summary of overall literature review ', 'A comparison between studies have prepared PLGA Nanoparticles to enhance the delivery of Paclitaxel into cancer cells', 'Comparison of available software for protein cavities']"
HQ0050,What is the average installed capacity of all energy sources considered?,"SELECT (AVG(?installed_cap_value) AS ?average_installed_cap_value)
WHERE {
  orkgr:R153801 orkgp:compareContribution ?contrib.
  ?contrib orkgp:P43135 ?energy_sources.
  ?energy_sources rdfs:label ?energy_sources_labels;
                  orkgp:P43133 ?installed_capacity.
  FILTER(REGEX(?energy_sources_labels, ""all sources""))
  ?installed_capacity orkgp:HAS_VALUE ?value.
  BIND(xsd:float(?value) AS ?installed_cap_value)
}",train,"['Summary of empirical studies on energy consumption-growth nexus.', ""Comparison of Studies on Germany's Energy Supply in 2050"", 'Summary of empirical studies on electricity-growth nexus.']"
HQ0066,What is the most common substrate for catalysts?,"SELECT ?substrate
WHERE {
  orkgr:R25900 orkgp:compareContribution ?contrib.
  ?contrib orkgp:P15090 ?substrate.
}
ORDER BY DESC(COUNT(?substrate))
LIMIT 1",train,"['Transforming lignin-derived monomers to catechol, phenol, and benzene by heterogeneous catalysts', 'Catalytic activation of C-O bond', 'Lignin decomposition']"
HQ0047,What is the average reproductive number for studies?,"SELECT (AVG(?reproductive_number) AS ?average_reproductive_number)
WHERE {
  orkgr:R44930 orkgp:compareContribution ?contrib.
  ?contrib orkgp:P23140 ?basic_reproductive_number.
  ?basic_reproductive_number orkgp:HAS_VALUE ?value
  BIND(xsd:float(?value) AS ?reproductive_number)
}",train,"['Reproductive number estimates 2019-nCoV', 'Reproductive number estimates 2019-nCoV', 'Comparison of the published reproductive number estimates for 2019-nCoV']"
HQ0071,What are areas of study?,"SELECT DISTINCT ?areas, ?areas_labels
WHERE {
  orkgr:R155445 orkgp:compareContribution ?contrib.
  ?contrib orkgp:P37041 ?areas.
  ?areas rdfs:label ?areas_labels.
}",train,"['Pilot mini collection of studies on libraries as third places.', 'Literature overview of over-education', 'How existing firm-level studies cope with methodological challenges']"
HQ0016,"What is major reactant for ""Microwave-Assisted Cobinamide Synthesis""?","SELECT ?reactant
WHERE {
  ?papers rdfs:label ?titles.
  FILTER(REGEX(?titles, ""Microwave-Assisted Cobinamide Synthesis""))
  ?papers orkgp:P31 ?cont.
  ?cont orkgp:P37557 ?reactant.
}",train,"['Comparison of cobinamid synthesis methods', 'Summary of the photocatalytic activity of Nb-based compounds combined with distinct materials towards CO2 reduction', 'Potential inhibitors of SARS-CoV-2 3CLPro']"
HQ0053,What is the minimum and maximum energy generation for each energy source considered?,"SELECT ?energy_sources_labels (MIN(?elec_gen_value) AS ?min_elec_gen_value) (MAX(?elec_gen_value) AS ?max_elec_gen_value)
WHERE {
  orkgr:R153801 orkgp:compareContribution ?contrib.
  ?contrib orkgp:P43135 ?energy_sources.
  ?energy_sources rdfs:label ?energy_sources_labels;
                  orkgp:P43134 ?elec_gen.
  ?elec_gen orkgp:HAS_VALUE ?value.
  BIND(xsd:float(?value) AS ?elec_gen_value)
}",train,"['Techno-economic analyses of microgrid and hybrid energy systems', ""Comparison of Studies on Germany's Energy Supply in 2050"", 'Summary of empirical studies on energy consumption-growth nexus.']"
HQ0096,Who is the author with the largest number of papers about semantic representation in music research problem?,"SELECT ?author
WHERE {
  ?papers rdf:type orkgc:Paper.
  ?papers orkgp:P31 ?contrib.
  ?contrib orkgp:P32 ?research_problems.
  ?research_problems rdfs:label ?research_problems_labels.
  FILTER(REGEX(?research_problems_labels, ""semantic representation in music"", ""i""))
  ?papers orkgp:P27 ?authors.
  OPTIONAL {
    ?authors rdfs:label ?authors_labels
  }
  BIND(IF(BOUND(?authors_labels), ?authors_labels, ?authors) AS ?author)
}
ORDER BY DESC(COUNT(?author))
LIMIT 1",train,"['Semantic representation comparison of papers', 'Semantic representations of scholarly communication', 'Semantic similarity computation']"
HQ0098,Does OWLMAP imply integrity constraints?,"ASK {
  ?approach rdfs:label ""OWLMAP""^^xsd:string.
  ?contrib ?predicate ?approach.
  ?contrib orkgp:P41333 ?integrity_constraints.
  FILTER(?integrity_constraints = ""t""^^xsd:string)
}",train,"['Mining and Validating Cardinality Constraints on RDF data', 'Comparison of Existing Ontology Evaluation  Tools', 'Ontologies for smart city: levels and key classes ver. 2']"
HQ0076,What preprocessing methods are used?,"SELECT DISTINCT ?prep_methods, ?prep_methods_labels
WHERE {
  orkgr:R155154 orkgp:compareContribution ?contrib.
  ?contrib orkgp:P41006 ?prep_methods.
  ?prep_methods rdfs:label ?prep_methods_labels.
}",train,"['Analysis of approaches based on required elements in way of modeling', 'Analysis of approaches based on required elements in way of modeling', 'Summary of  experiments involving various logical structure analysis algorithms']"
HQ0045,In what country was conducted research with the largest number of participants?,"SELECT ?country
WHERE {
  orkgr:R44980 orkgp:compareContribution ?contrib.
  ?contrib orkgp:P15249 ?country;
           orkgp:P23169 ?number_of_participants.
}
ORDER BY DESC(?number_of_participants)
LIMIT 1",train,"['Comparison of Research Practices used in RE in 2021', 'Reported use of open, open access, online or public repositories/ databases in research', 'Pilot mini collection of studies on libraries as third places.']"
HQ0023,"what are the evidence and limitations of paper ""Evaluating the Use of Social Networks in Author Name Disambiguation in Digital Libraries""?","SELECT ?evidence ?evidence_title ?limitation
WHERE {
  orkgr:R6751 orkgp:compareContribution ?cont.
  ?paper orkgp:P31 ?cont;
         rdfs:label ?paper_title.
  ?cont orkgp:P5004 ?evidence;
        orkgp:P5006 ?limitation.
  ?evidence rdfs:label ?evidence_title.
  FILTER(REGEX(STR(?paper_title), ""Evaluating the Use of Social Networks in Author Name Disambiguation in Digital Libraries"", ""i""))
}",train,"['Graph-based author name disambiguation', 'Supervised author name disambiguation', 'Unsupervised author name disambiguation']"
HQ0021,"What is the base URL of ""The Document Components Ontology""?","SELECT ?iri
WHERE {
  orkgr:R8342 orkgp:compareContribution ?cont.
  ?cont orkgp:P7034 ?ont.
  ?ont orkgp:P7042 ?iri;
       orkgp:P7035 ?full_name.
  FILTER(REGEX(STR(?full_name), ""Document Components Ontology"", ""i""))
}",train,"['Ontologies for describing scholarly articles', 'Ontology Learning Sources', 'Ontology learning from XML documents']"
HQ0088,Who are the authors of the SOSA ontology?,"SELECT ?authors
WHERE {
  ?papers rdf:type orkgc:Paper.
  ?papers rdfs:label ?papers_labels.
  FILTER(REGEX(?papers_labels, ""^SOSA""))
  ?papers orkgp:P27 ?authors.
}",train,"['Ontology learning from Folkosonomies', 'Ontologies for describing scholarly articles', 'Ontology Learning Sources']"
HQ0009,What is the precision and recall of SemGraphQA?,"SELECT ?precision ?recall
WHERE {
  orkgr:R6898 orkgp:compareContribution ?cont. 
  ?cont orkgp:P34 ?eval.
  ?eval rdfs:label ?eval_labels.
  FILTER(REGEX(?eval_labels, ""SemGraphQA""))
  ?eval orkgp:P3004 ?precision;
        orkgp:P5015 ?recall.
}",train,"['Comparison of the tabular datasets used during the SemTab 2022', 'Evaluation during the four editions of SemTab challenges', 'Overview of the four editions of SemTab challenge']"
HQ0007,Which papers use the dataset DBLP?,"SELECT DISTINCT ?title
WHERE {
 ?paper a orkgc:Paper;
 orkgp:P31 [
   orkgp:P2005 [
     rdfs:label ""DBLP""^^xsd:string
   ]
 ];
 rdfs:label ?title.
}
ORDER BY ?title",train,"['Tabular Datasets used during the SemTab 2020', 'Overview of the tabular datasets published during SemTab challenges', 'Overview of several scholarly databases and their properties']"
HQ0039,How many comparisons are there which don't have a class link?,"SELECT ?ratio
WHERE {
  {
    SELECT (COUNT(?comparison) AS ?n_valid_comparisons)
    WHERE {
      ?comparison a orkgc:Comparison.
    }
  }
  {
    SELECT (COUNT(DISTINCT ?comparison_) AS ?n_comparisons_with_missing_class) {
      ?comparison_ orkgp:compareContribution ?contribution.
      FILTER(
        NOT EXISTS {
            ?comparison_ a orkgc:Comparison
          }
       )
     }
   }
   BIND(
     CONCAT(
       ROUND(
         xsd:double(?n_comparisons_with_missing_class) / xsd:double(?n_valid_comparisons + ?n_comparisons_with_missing_class) * 100
       ),
       "" %""
     ) AS ?ratio
   )
}",train,"['Comparison', 'A comparison on Text Classification Approaches', 'Question Answering over linked data benchmark comparison']"
HQ0064,What is the total number of patients in the studies?,"SELECT SUM(?number_of_patients)
WHERE {
  orkgr:R33008 orkgp:compareContribution ?contrib.
  ?contrib orkgp:P15585 ?patients.
  BIND(xsd:integer(?patients) AS ?number_of_patients)
}",train,"['Number of papers by year', 'Reproductive number estimates 2019-nCoV', 'Reproductive number estimates 2019-nCoV']"
HQ0006,What kind of graph does ADANA use?,"SELECT ?graph ?graph_label
WHERE {
  ?paper orkgp:P31 ?cont;
         rdfs:label ?title.
  FILTER(REGEX(?title, ""ADANA""))
  ?cont orkgp:P5008 ?graph. 
  ?graph rdfs:label ?graph_label.
}",train,"['Overview of Graph-based Visualization Systems \n', 'Knowledge graph visualizations', 'Analyzing visualization tools for Knowledge Graphs ']"
HQ0038,What is the mean capacity of a carbon-based fuel?,"SELECT (AVG(?numerical_capacity) AS ?mean) 
WHERE {
  ?paper a orkgc:Paper;
         orkgp:P31 [
           orkgp:P15483 ?capacity
         ];
         rdfs:label ?title.
  BIND(
    xsd:double(
      REPLACE(
        STR(
          REPLACE(
            ?capacity,
            ""([0-9]+),([0-9]+)"",
            ""$1$2""
          )
        ),
        ""([0-9]+).*"",
        ""$1""
      ) 
    ) AS ?numerical_capacity
  )
  FILTER(REGEX(STR(?title), ""(fuel|CO2)""))
}",test,"['Investment and production costs of synthetic fuels', 'Comparison which presents the effectiveness of machine learning algorithms in estimating Total Organic Carbon Content, a key source quality parameter.', 'Biomass costs in different studies.']"
HQ0003,What is the most common Knowledge representation method?,"SELECT (COUNT(?repr) AS ?cnt) ?repr
WHERE {
  orkgr:R8364 orkgp:compareContribution ?cont.
  ?cont orkgp:P7046 ?sys.
  ?sys orkgp:P7056 ?repr.
}
GROUP BY ?repr
ORDER BY DESC(?cnt)
LIMIT 1",test,"['Relational Representation Learning for Biomedical Data using OWL Axioms', 'Ontological knowledge learned from source code', 'Comparison of the Tabular Data to Knowledge Graph Matching sub-task']"
HQ0057,Where can all the data sets used in the compared studies be found?,"SELECT DISTINCT ?URL
WHERE {
  orkgr:R112387 orkgp:compareContribution ?contrib.
  ?contrib orkgp:HAS_DATASET ?URL.
  FILTER(!REGEX(?URL, ""Not""))
}",test,"['Comparison of the tabular datasets used during the SemTab 2021', 'Comparison of the tabular datasets used during the SemTab 2022', 'Reported use of open, open access, online or public repositories/ databases in research']"
HQ0081,What quantity of iron oxide was discovered on Elorza crater?,"SELECT ?properties_values, ?property_description
WHERE {
  ?papers rdf:type orkgc:Paper.
  ?papers rdfs:label ?papers_labels.
  FILTER(REGEX(?papers_labels, ""Elorza crater"", ""i""))
  ?papers orkgp:P31 ?contrib.
  ?contrib ?properties ?properties_values.
  ?properties rdfs:label ?properties_labels.
  FILTER(REGEX(?properties_labels, ""FeO""))
  ?properties orkgp:description ?property_description.
}",test,"['Iron Formation', ""Mineralogical analysis of Mars in Visible-infrared wavelength range of electromagnetic spectrum using MRO's CRISM-2"", ""Mineralogical analysis of Mars in Visible-infrared wavelength range of electromagnetic spectrum using MRO's CRISM-3""]"
HQ0097,What types of nanocarriers do have therapeutic effect?,"SELECT ?types_of_nanocarriers, ?types_of_nanocarriers_labels
WHERE {
  orkgr:R144364 orkgp:compareContribution ?contrib.
  ?contrib orkgp:P41740 ?types_of_nanocarriers.
  ?contrib orkgp:P41743 ?therapeutic_effect.
  FILTER(?therapeutic_effect = ""T""^^xsd:string)
  ?types_of_nanocarriers rdfs:label ?types_of_nanocarriers_labels.
}",test,"['Different nanocarriers used as drug delivery vehicles for the CNS', 'Types of nanothermomethers depending on the read-out signal', 'Comparison of nanocarriers for vitamin D']"
HQ0043,Which are 3 the most common variables for the atmosphere models?,"SELECT ?variables
WHERE {
  orkgr:R68871 orkgp:compareContribution ?contrib.
  ?contrib orkgp:P7144 ?models.
  ?models rdfs:label ?models_labels.
  FILTER(REGEX(?models_labels, ""tmospher""))
  ?models orkgp:P26032 ?variables.
}
ORDER BY DESC(COUNT(?variables))
LIMIT 3",test,"['Earth system models', 'Calculated Average Global Mean Air Temperatures  from GCMs.', 'Summary of both linear and nonlinear two-dimensional analytical models available in the literature']"
HQ0091,What is Raman spectroscopy?,"SELECT ?definitions
WHERE {
  ?terms orkgp:P24009 ?definitions.
  ?terms rdfs:label ?terms_labels.
  FILTER(REGEX(?terms_labels, ""Raman spectroscopy""))
}",test,"['Raman spectral analysis for silicate minerals', 'A comprehensive Raman Spectroscopic analysis of Apollo returned rock samples', 'Integrated spectroscopic studies on Earth rocks: Implications for Planetary analogs']"
HQ0085,What data format does CHEMDNER corpus have?,"SELECT ?data_format, ?data_format_label
WHERE {
  orkgr:R150596 orkgp:P31 ?contrib.
  ?contrib orkgp:P42011 ?data_format.
  ?data_format rdfs:label ?data_format_label.
}",test,"['Comparisons and Visualizations of the CrossNER Benchmark Corpus for its Source and Target Domains', 'NER in the Automatic Content Extraction (ACE) Series', 'Biomedical Named Entity Recognition Datasets']"
HQ0078,Where did the study with maximal geographic scale take place?,"SELECT ?location, ?location_label
WHERE {
  {
    SELECT (MAX(?geo_scale) AS ?max_geo_scale)
    WHERE {
      orkgr:R149849 orkgp:compareContribution ?contrib.
      ?contrib orkgp:P41568 ?geo_scale.
    }
  }
  orkgr:R149849 orkgp:compareContribution ?contrib.
  ?contrib orkgp:P41568 ?geo_scale;
           orkgp:P37524 ?location.
  ?location rdfs:label ?location_label.
  FILTER(?geo_scale = ?max_geo_scale)
}",test,"['Geography Tourism Spatial Analysis', 'Factors by which publication costs differed relative to the United States in ""Scrutinising what Open Access Journals Mean for Global Inequalities""', 'Pilot mini collection of studies on libraries as third places.']"
HQ0022,"Does paper ""Disambiguating authors in citations on the web and authorship correlations"" employe Cosine similarity?","ASK
WHERE {
  orkgr:R6187 orkgp:compareContribution ?cont.
  ?paper orkgp:P31 ?cont;
         rdfs:label ?paper_title.
  ?cont orkgp:P5002 orkgr:R6006.
  FILTER(REGEX(STR(?paper_title), ""Disambiguating authors in citations on the web and authorship correlations"", ""i""))
}",test,"['Graph-based author name disambiguation', 'Unsupervised author name disambiguation', 'Supervised author name disambiguation']"
HQ0026,Which QA benchmarks incorporating more than 10000 questions?,"SELECT ?papers, ?papers_labels
WHERE {
  ?papers rdf:type orkgc:Paper;
          orkgp:P31 ?contrib;
          rdfs:label ?papers_labels.
  ?contrib orkgp:P41923 ?questions_number_str.
  BIND(REPLACE(?questions_number_str, ""[+]"", """") AS ?questions_number_preprocessed)
  BIND(xsd:integer(REPLACE(?questions_number_preprocessed, """","""", """")) AS ?questions_number)
  FILTER(?questions_number > 10000)
}",test,"['Question Answering benchmarks', 'Question Answering over linked data benchmark comparison', 'QA evaluations on QALD-5']"
HQ0099,For what piezoresistive material the least response time was obtained?,"SELECT ?piezoresistive_materials WHERE {
  orkgr:R138374 orkgp:compareContribution ?contrib.
  ?contrib orkgp:P41021 ?piezoresistive_materials.
  ?contrib orkgp:P41022 ?response_time.
}
ORDER BY ASC(?response_time)
LIMIT 1",test,"['Comparison of flexible piezoresistive pressure sensors based on different materials', 'Performance of piezoresistive wearable strain/pressure sensors based on different nanomaterials', 'Polymer properties']"
HQ0037,Who has contributed to the largest number of articles about coronavirus?,"SELECT ?author_name
WHERE {
  {
    SELECT (COUNT(?paper_) as ?max_n_papers)
    WHERE {
      ?paper_ a orkgc:Paper;
      rdfs:label ?title_;
      orkgp:P27 ?author_.
      FILTER(REGEX(STR(?title_), ""2019-nCoV""))
    }
    GROUP BY ?author_
    ORDER BY DESC(?max_n_papers)
    LIMIT 1
  }
  ?paper a orkgc:Paper;
  rdfs:label ?title;
  orkgp:P27 ?author.
  OPTIONAL {
    ?author rdfs:label ?author_label
  }
  BIND(IF(BOUND(?author_label), ?author_label, ?author) as ?author_name)
  FILTER(REGEX(STR(?title), ""2019-nCoV""))
}
GROUP BY ?author ?type ?author_name ?max_n_papers
HAVING(COUNT(?paper) = ?max_n_papers)",test,"['COVID-19 Fake News', 'Exploring Covid-19 Knowledge Graphs', 'Survey Comparison on Covid-19 Infectious Disease']"
HQ0031,What coolant does ASTRID reactor use?,"SELECT ?coolant ?coolant_label
WHERE {
  ?ASTRID_reactor ?rdfs_label ""ASTRID""^^xsd:string.
  ?contrib ?reactor_predicate ?ASTRID_reactor.
  ?contrib ?predicates ?coolant.
  ?predicates rdfs:label ?predicates_label.
  FILTER(REGEX(?predicates_label, ""coolant""))
  ?coolant rdfs:label ?coolant_label.
}",test,"['Various approaches to calculating heat and mass transfer of coolant in nuclear reactors for modeling severe accidents ', 'Literature overview FT fuel synthesis and upgrading.', 'Comparison of the two tracks of the SemTab 2022']"
HQ0032,What is the most common lead compound?,"SELECT ?compound
WHERE {
  orkgr:R75638 orkgp:compareContribution ?contrib.
  ?contrib orkgp:P35194 ?compound.
}
ORDER BY DESC(COUNT(?compound))
LIMIT 1",test,"['Ion-pair association in heptamethine cyanine dyes', 'Comparison of Antiviral compounds from Natural Sources', 'Overview of lateral flow (immuno)assays: detection of toxic compounds']"
HQ0084,What is the emergency type of AMBER Alert?,"SELECT DISTINCT ?emergency_type
WHERE {
  orkgr:R153500 orkgp:P31 ?contrib.
  ?contrib orkgp:P43093 ?emergency_type.
}",test,"['Emergency', 'Comparison on Emergency Situation Ontologies', 'Publications classified according to disaster phase and type.']"
HQ0017,What is the most common location in the studies?,"SELECT ?locations
WHERE {
  orkgr:R111045 orkgp:compareContribution ?cont.
  ?cont orkgp:P37537 ?locations.
}
ORDER BY DESC(COUNT(?locations))
LIMIT 1",test,"['Pilot mini collection of studies on libraries as third places.', 'How existing firm-level studies cope with methodological challenges', 'Reported use of open, open access, online or public repositories/ databases in research']"
HQ0027,For which country of study overall prevalence of epilepsy is the highest?,"SELECT ?country, ?country_label
WHERE {
  orkgr:R75729 orkgp:compareContribution ?contrib.
  ?contrib orkgp:P15512 ?country.
  ?contrib orkgp:P16013 ?overall_prevalence.
  ?country rdfs:label ?country_label.
  ?overall_prevalence rdfs:label ?overall_prevalence_value
}
ORDER BY DESC(?overall_prevalence_value)
LIMIT 1",test,"['Prevalence of epilepsy in Europe', 'Prevalence of epilepsy in Europe', 'Comparison of prevalence of STEC in different countries']"
HQ0046,Are children examined in the studies?,"ASK {
  orkgr:R44979 orkgp:compareContribution ?contrib.
  ?contrib orkgp:P23161 ?population.
  FILTER(REGEX(?population, ""ildren""))
}",test,"['Used dental erosion indexes in human cross-sectional studies for children found in Medline from the years 2000–2006', 'The survey of longitudinal studies measuring IQ values in children with autism – design of the study of intervention application \n', 'The survey of longitudinal studies measuring IQ values in children with autism – design of the study of treatment comparison']"
HQ0068,Which sectors are modeled as energy sectors and how often?,"SELECT ?label COUNT(?label)
WHERE {
  ?sector rdfs:label ?label;
          a ?class.
  ?class owl:equivalentClass <http://openenergy-platform.org/ontology/oeo/OEO_00000367>.
  [
    orkgp:P37668 ?sector
  ].
}",test,"['Summary of empirical studies on energy consumption-growth nexus.', 'Summary of empirical studies on electricity-growth nexus.', 'Summary of empirical studies on renewable-growth nexus.']"
HQ0058,"What are the precision, recall, and f1 values of all compared studies that used the algorithm naive bayes in combination with the machine learning feature bag of words to classfy user feedback as feature request? ","SELECT ?precision ?recall ?f1
WHERE {
  orkgr:R112387 orkgp:compareContribution ?contrib.
  ?contrib orkgp:P15006 ?algorithms.
  ?algorithms rdfs:label ?alg_names.
  FILTER(REGEX(?alg_names, ""Naive bayes""))
  ?algorithms orkgp:P36075 ?features.
  ?features rdfs:label ?fea_names.
  FILTER(REGEX(?fea_names, ""Bag of words""))
  ?features orkgp:P37029 ?categories.
  ?categories rdfs:label ?cat_names.
  FILTER(REGEX(?cat_names, ""Feature request""))
  ?categories orkgp:P3004 ?precision;
              orkgp:P5015 ?recall;
              orkgp:P18037 ?f1.
}",test,"['Overview of User Feedback Classification Approaches Using Naive Bayes and Support Vector Machines', 'Overview of Approaches that Classify User Feedback as Feature Request', 'Accuracy Comparison of Different Classifiers in Sentiment Analysis']"
HQ0090,What museums were involved in the IntARSI project?,"SELECT ?museums, ?museums_labels
WHERE {
  ?papers rdf:type orkgc:Paper.
  ?papers rdfs:label ?papers_labels.
  FILTER(REGEX(?papers_labels, ""IntARSI""))
  ?papers orkgp:P31 ?contrib.
  ?contrib orkgp:P41242 ?museums.
  ?museums rdfs:label ?museums_labels.
}",valid,"['Smart replicas (exhibits) in interactive museum exhibitions', 'Contempoary film studies', 'Other GENIA Project corpora']"
HQ0055,What is the average energy generation for each energy source considered in 5 year intervals?,"SELECT ?rangeId ?energy_sources_labels (AVG(?eng_gen_value) AS ?avg_eng_gen_value)
WHERE {
  orkgr:R153801 orkgp:compareContribution ?contrib.
  ?paper orkgp:P31 ?contrib;
         orkgp:P29 ?year.
  BIND(xsd:int(?year) AS ?y).
  VALUES (?rangeId ?min ?max) {
    (""2001-2005"" 2001 2005)
    (""2006-2010"" 2006 2010)
    (""2011-2015"" 2011 2015)
    (""2016-2020"" 2016 2020)
  }
  FILTER(?min <= ?y && ?y <= ?max).
  ?contrib orkgp:P43135 ?energy_sources.
  ?energy_sources rdfs:label ?energy_sources_labels;
                  orkgp:P43134 ?energy_generation.
  ?energy_generation orkgp:HAS_VALUE ?value.
  BIND(xsd:float(?value) AS ?eng_gen_value).
}
ORDER BY ASC(?rangeId)",valid,"['Summary of empirical studies on energy consumption-growth nexus.', 'Summary of empirical studies on electricity-growth nexus.', ""Comparison of Studies on Germany's Energy Supply in 2050""]"
HQ0077,What is the most common type of biosensor?,"SELECT ?biosensor
WHERE {
  orkgr:R151435 orkgp:compareContribution ?contrib.
  ?contrib orkgp:P43095 ?biosensor.
}
ORDER BY DESC(COUNT(?biosensor))
LIMIT 1",valid,"[' Sensing Parameters Comparison of Glucose Biosensors  ', 'Theoretical Studies of Nanocantilevers as Biosensors', ' Comparison among glucose sensors based on different nanomaterials']"
HQ0052,What is the average installed capacity for each energy source considered?,"SELECT ?energy_sources_labels (AVG(?installed_cap_value) AS ?average_installed_cap_value)
WHERE {
  orkgr:R153801 orkgp:compareContribution ?contrib.
  ?contrib orkgp:P43135 ?energy_sources.
  ?energy_sources rdfs:label ?energy_sources_labels;
                  orkgp:P43133 ?installed_capacity.
  ?installed_capacity orkgp:HAS_VALUE ?value.
  BIND(xsd:float(?value) AS ?installed_cap_value)
}",valid,"['Summary of empirical studies on energy consumption-growth nexus.', 'Techno-economic analyses of microgrid and hybrid energy systems', 'Summary of empirical studies on electricity-growth nexus.']"
HQ0011,Which system has the worst recall?,"SELECT ?evaluation ?system_name
WHERE {
  orkgr:R6946 orkgp:compareContribution ?cont.
  ?cont orkgp:P34 ?evaluation.
  ?evaluation orkgp:P5015 ?recall;
              rdfs:label ?system_name.
  BIND(xsd:float(?recall) AS ?r)
}
ORDER BY ?r
LIMIT 1",valid,"['A review over some in-memory yet scalable outlier detection methodologies', 'A short summary of time domain performance.', 'A short summary of time domain performance.']"
HQ0080,Which energy system modeling papers indicate where to find their simulation software?,"SELECT ?repo
WHERE {
  ?paper a orkgc:Paper.
  ?paper orkgp:P31 ?contrib.
  ?contrib orkgp:P37586 ?model.
  ?model orkgp:P39010 ?code.
  ?code orkgp:P4077 ?repo.
}",valid,"['Comparison of Scenario Factsheets from the Open Energy Platform', 'Comparison of Scenario Factsheets from the Open Energy Platform', 'Comparison of Scenario Factsheets from the Open Energy Platform']"
HQ0100,What is the maximum reaction yield for the studies?,"SELECT ?reactions_yield WHERE {
  orkgr:R137086 orkgp:compareContribution ?contrib.
  ?contrib orkgp:P37560 ?reactions_yield.
}
ORDER BY DESC(?reactions_yield)
LIMIT 1",valid,"['Statistics from 156 recipe requests from Reddit', 'Literature survey results for comparison of chemical and enzymatic methods suitable to discriminate between C and mC', 'Summary of SemTab 2021 results per round']"
HQ0070,For which region of data collection the number of sampling stations is the largest?,"SELECT ?region
WHERE {
  orkgr:R155584 orkgp:compareContribution ?contrib.
  ?contrib orkgp:P41068 ?number_of_stations;
           orkgp:P27029 ?region.
}
ORDER BY DESC(?number_of_stations)
LIMIT 1",valid,"['Genetic variability (COI variation) in studies large sampled (>1000 sequences)', 'Comparison of the tabular datasets used during the SemTab 2022', 'Comparison of the tabular datasets used during the SemTab 2021']"
HQ0095,When MedPost model was published?,"SELECT ?year
WHERE {
  ?papers rdf:type orkgc:Paper.
  ?papers rdfs:label ?papers_labels.
  FILTER(REGEX(?papers_labels, ""MedPost""))
  ?papers orkgp:P29 ?year.
}",valid,"['Publications classified according to disaster phase and type.', 'Characteristics of central papers with instant time horizon.', 'Characteristics of central papers with finite time horizon.']"
HQ0069,Which sector is the most commonly modeled energy sector?,"SELECT ?label (COUNT(?label) AS ?number)
WHERE {
  ?sector rdfs:label ?label;
          a ?class.
  ?class owl:equivalentClass <http://openenergy-platform.org/ontology/oeo/OEO_00000367>.
  orkgr:R150337 orkgp:compareContribution ?contrib.
  ?contrib orkgp:P37586 ?scenario.
  ?scenario orkgp:P37675 ?study.
  ?study orkgp:P37668 ?sector.
  
}
ORDER BY DESC(?number)
LIMIT 1",valid,"[""Comparison of Studies on Germany's Energy Supply in 2050"", 'Summary of empirical studies on energy consumption-growth nexus.', 'Summary of empirical studies on electricity-growth nexus.']"
HQ0063,Is Cobb-Douglas functional applied in the studies?,"ASK {
  orkgr:R34493 orkgp:compareContribution ?contrib.
  ?contrib orkgp:P15661 ?funcionals.
  ?funcionals rdfs:label ?funtionals_labels.
  FILTER(REGEX(?funtionals_labels, ""Cobb-Douglas""))
}",valid,"['Functional MRI data analysis', 'Aggregate summary of literature reviews on ERP in fields approach', 'Aggregate summary of literature reviews on type of ERP']"
HQ0008,What is the least common metric used?,"SELECT DISTINCT ?name
WHERE {
 ?paper a orkgc:Paper;
 orkgp:P31 [
   orkgp:P5003 [
     rdfs:label ?name
   ]
 ].
 {
   SELECT DISTINCT (COUNT(?paper_) AS ?min_papers)
   WHERE {
    ?paper_ a orkgc:Paper;
    orkgp:P31 [
      orkgp:P5003 [
      rdfs:label ?name_
      ]
    ].
  }
  GROUP BY ?name_
  ORDER BY ?min_papers
  LIMIT 1
 }
}
GROUP BY ?name ?min_papers
HAVING(COUNT(?paper) = ?min_papers)
ORDER BY ?name",valid,"['Food group metric', 'Food ontologies metric ', 'Food ontologies metric']"
HQ0001,"What type of data does the system proposed in paper titled ""Open Research Knowledge Graph"" support?","SELECT ?datatype 
WHERE {
  orkgr:R8364 orkgp:compareContribution ?cont.
  ?paper orkgp:P31 ?cont;
         rdfs:label ?title.
  ?cont  orkgp:P7046 ?sys.
  ?sys orkgp:P7055 ?datatype.
  FILTER(REGEX(STR(?title), ""Open Research Knowledge Graph""))
}",valid,"['Comparison of Knowledge Graph Survey Papers', 'Knowledge graph visualizations', 'Personal Knowledge Graphs to deal with User-Centric Data']"
